Quest Name,Region,is_chain,series_name,priceOverride,astrite_reward
Stygian Lacrimosa,Huanglong,No,-,,100
Glorious Loong's Pearl,Huanglong,Yes,Mirrored Loong's Pearl Series,,40
Among the Shoals and Islands,Huanglong,Yes,Mirrored Loong's Pearl Series,,30
Peak of the Arch-Shaped Rock,Huanglong,Yes,Mirrored Loong's Pearl Series,,30
Where the Waterfalls Meet,Huanglong,Yes,Mirrored Loong's Pearl Series,,30
Boundary of Yellow and White,Huanglong,Yes,Mirrored Loong's Pearl Series,,30
Glorious Loong's Pearl: The Last Rite,Huanglong,Yes,Mirrored Loong's Pearl Series,,0
Vigil of Endless Night,Huanglong,No,-,,80
"We Promise, We Deliver",Huanglong,No,-,,100
When the Forest is No Longer Dim,Huanglong,No,,,100
Hidden Dangers in Peaceful Life,Huanglong,No,,,50
Shadow of the Past,Huanglong,No,,,50
Shadow of The Towers: Twilight Rise,Rinascita,Yes,Shadow of the Towers Series,,30
Shadow of The Towers: Resounding Rise,Rinascita,Yes,Shadow of the Towers Series,,30
Shadow of The Towers: Command Rise,Rinascita,Yes,Shadow of the Towers Series,,40
Where wind Returns to Celestial Realms,Rinascita,No,-,,40
Hymn of the Sea of Clouds: Rainbow,Rinascita,Yes,Hymn of the Sea of Clouds Series,,30
Hymn of the Sea of Clouds: Storm,Rinascita,Yes,Hymn of the Sea of Clouds Series,,30
Silent as a Falling Leaf,Rinascita,No,-,,100
Should the Shooting Stars Blaze,Rinascita,No,-,,30
Where Sky is Clear and Glory Shines: Trial Grounds,Rinascita,Yes,Where Sky is Clear and Glory Shines Series,,30
Where Sky is Clear and Glory Shines: Guardian Tower,Rinascita,Yes,Where Sky is Clear and Glory Shines Series,,50
When the Sky Watches us Meet,Rinascita,No,-,,50
Flames in the Deep,Rinascita,No,-,,40
Silver Moon? Crimson Moon?,Rinascita,No,,20.000,0
The Song of Ice and Steel,Roya Frostlands,No,-,,50
Unfrozen Hope,Roya Frostlands,No,-,,20
Broken Dimmr Heart: Main,Roya Frostlands,Yes,Broken Dimmr Heart,,0
Broken Dimmr Heart: Finale,Roya Frostlands,Yes,Broken Dimmr Heart,,30
A Perfect Day for Flying,Roya Frostlands,No,-,,30
Into the Land of Paradox! (Quest),Roya Frostlands,No,,20.000,0
Faithful Heart Tes-tes at Skyfall,Mengzhou,No,-,,100
Autopuppets in Fog Veiled Chambers,Mengzhou,No,-,,50
Code Red: Corehazard,Mengzhou,No,-,,100